Player,Span,Mat,Inns,Overs,Mdns,Runs,Wkts,BBI,Ave,Econ,SR,4,5,Ct,St
P Amarnath,200802008,6,6,22.0,0,236,7,2/29,33.71,10.72,18.8,0,0,2,0
MM Ali,202102021,34,27,68.3,0,469,16,3/7,28.814999999999998,6.74,25.6,0,0,11,0
S Anirudha,200802013,20,0,0.0,0,0,0,0,0.0,0.0,0.0,0,0,11,0
KB Arun Karthik,201002010,17,0,0.0,0,0,0,0,0.0,0.0,0.0,0,0,11,2
R Ashwin,200902015,167,164,582.1999999999999,4,4031,145,3/16,31.59,7.28875,25.925,1,0,37,0
KM Asif,201802021,3,3,8.1,0,93,4,2/43,23.25,11.38,12.2,0,0,0,0
S Badree,201402014,12,12,43.0,1,319,11,1/19,22.564999999999998,7.615,18.8,1,0,2,0
S Badrinath,200802013,95,0,0,0,0,0,0,0,0,0,0,0,16,0
GJ Bailey,200902010,40,0,0.0,0,0,0,0,0.0,0.0,0.0,0,0,11,0
L Balaji,200802010,73,73,251.7,2,2028,76,5/24,26.685000000000002,8.045,20.075000000000003,3,1,11,0
SW Billings,201802019,22,0,0.0,0,0,0,0,0.0,0.0,0.0,0,0,13,0
DE Bollinger,201002012,27,27,96.0,3,693,37,4/13,18.72,7.21,15.5,1,0,8,0
DJ Bravo,201102021,151,148,484.9,2,4061,167,4/42,26.8275,8.3875,19.15,2,0,77,0
DL Chahar,201802021,63,63,220.4,6,1722,59,4/13,71.35,8.64,46.75,2,0,12,0
PP Chawla,202002020,165,164,545.4,2,4301,157,2/33,33.2575,8.87875,22.35,2,0,40,0
SM Curran,202002021,32,31,108.0,0,995,32,3/19,31.419999999999998,9.370000000000001,20.1,1,0,10,0
MS Dhoni,200802021,220,0,0.0,0,0,0,0,0.0,0.0,0.0,0,0,126,39
F du Plessis,201202021,100,1,1.0,0,16,0,0,0.0,8.0,0.0,0,0,66,0
SP Fleming,200802008,10,0,0,0,0,0,0,0,0,0,0,0,2,0
A Flintoff,200902009,3,3,11.0,0,105,2,1/11,52.50,9.54,33.0,0,0,4,0
RD Gaikwad,202002021,22,0,0,0,0,0,0,0,0,0,0,0,10,0
C Ganapathy,201002010,1,1,1.0,0,13,0,0,0,13.00,0,0,0,0,0
MS Gony,200802010,44,44,148.0,3,1287,37,3/34,27.34,10.713750000000001,18.2875,0,0,6,0
Harbhajan Singh,201802019,163,160,568.8,6,4030,150,3/20,19.65,7.6425,16.375,1,1,49,0
JW Hastings,201402014,3,3,9.4,1,66,3,1/29,23.75,7.605,19.0,0,0,0,0
ML Hayden,200802010,32,0,0,0,0,0,0,0,0,0,0,0,11,0
JR Hazlewood,202002021,12,12,45.0,0,357,12,3/24,29.75,7.93,22.5,0,0,1,0
BW Hilfenhaus,201202014,17,17,62.0,2,479,22,3/27,21.77,7.72,16.9,0,0,1,0
JO Holder,201302013,26,26,95.5,0,786,35,2/20,42.18,8.175,30.8,1,0,7,0
DJ Hussey,201402014,64,26,52.5,0,474,8,2/38,77.75,9.9525,51.25,0,0,25,0
MEK Hussey,200802015,59,0,0.0,0,0,0,0,0.0,0.0,0.0,0,0,26,0
Imran Tahir,201802021,59,59,219.2,1,1703,82,4/12,20.697499999999998,7.8549999999999995,15.8,3,0,13,0
RA Jadeja,201202021,200,171,500.7,2,3816,127,5/16,33.55375,7.18125,27.7875,3,1,81,0
KM Jadhav,201802020,93,0,0.0,0,0,0,0,0.0,0.0,0.0,0,0,30,7
N Jagadeesan,202002020,5,0,0,0,0,0,0,0,0,0,0,0,0,0
SB Jakati,200902012,59,57,180.5,1,1451,47,4/22,35.305,9.8275,23.8,2,0,21,0
Joginder Sharma,200802011,16,15,42.4,0,419,12,2/27,34.91,9.82,21.3,0,0,5,0
S Randiv,201102011,8,8,29.0,0,223,6,2/24,37.16,7.68,29.0,0,0,2,0
CK Kapugedera,200802008,5,3,2.5,0,49,0,0,0,17.29,0,0,0,4,0
JM Kemp,201002010,5,5,7.2,0,54,3,3/12,18.00,7.36,14.6,0,0,1,0
SC Kuggeleijn,201902019,2,2,8.0,0,71,2,2/37,35.50,8.87,24.0,0,0,0,0
KMDN Kulasekara,201102012,6,5,17.0,0,120,5,2/10,24.00,7.05,20.4,0,0,4,0
B Laughlin,201302013,9,9,27.5,0,282,10,1/25,47.22,10.129999999999999,27.9,0,0,1,0
BB McCullum,201402015,109,0,0.0,0,0,0,0,0.0,0.0,0.0,0,0,37,6
VY Mahesh,201202012,18,17,56.3,0,499,21,2/21,25.11,8.765,17.15,1,0,6,0
M Manhas,201402014,55,3,7.0,0,42,0,0,0.0,3.0,0.0,0,0,20,0
Monu Kumar,202002020,1,1,2.0,0,20,0,0,0,10.00,0,0,0,0,0
RG More,201502015,2,2,5.5,0,59,1,1/31,59.00,10.11,35.0,0,0,1,0
JA Morkel,200802013,91,87,287.1,3,2355,85,4/32,31.91875,9.38,21.25,1,0,19,0
CH Morris,201302013,81,81,286.4,1,2295,95,3/40,22.057499999999997,7.40625,17.75,4,0,38,0
A Mukund,200802008,3,0,0.0,0,0,0,0,0.0,0.0,0.0,0,0,3,0
M Muralitharan,200802010,66,66,254.0,1,1696,63,3/11,37.192499999999995,6.9975,31.35,0,0,15,0
DP Nannes,201302013,29,29,106.9,1,785,28,2/17,24.3975,7.645,19.125,0,0,9,0
P Negi,201402015,50,42,119.2,0,939,34,2/25,30.575,7.7675,22.9,1,0,15,0
A Nehra,201402015,88,88,317.6,2,2495,106,4/10,26.951875,8.205625,19.637500000000003,1,0,19,0
L Ngidi,201802021,14,14,54.0,2,448,25,4/10,17.92,8.29,12.9,1,0,2,0
M Ntini,200802008,9,9,35.0,2,242,7,4/21,34.57,6.91,30.0,1,0,1,0
JDP Oram,200802009,18,14,39.3,0,349,9,3/32,31.3125,9.2375,17.9,0,0,8,0
IC Pandey,201402015,25,24,77.0,4,591,18,2/23,40.91,9.955,24.85,0,0,6,0
PA Patel,200802010,139,0,0.0,0,0,0,0,0.0,0.0,0.0,0,0,69,16
NLTC Perera,201002010,37,36,115.80000000000001,0,1016,31,0,26.8175,9.184999999999999,18.675,0,0,12,0
SK Raina,200802021,205,69,151.2,0,1118,25,2/0,111.455,7.789999999999999,82.15,0,0,109,0
AS Rajpoot,201302013,29,29,88.1,1,814,24,1/25,64.7925,10.105,36.1,0,1,4,0
AT Rayudu,201802021,175,0,0.0,0,0,0,0,0.0,0.0,0.0,0,0,58,2
WP Saha,201102013,133,0,0.0,0,0,0,0,0.0,0.0,0.0,0,0,67,20
MJ Santner,201902020,6,6,21.0,0,147,6,2/13,24.50,7.00,21.0,0,0,2,0
V Shankar,201402014,47,20,38.1,0,329,9,0,30.25,11.565000000000001,19.55,0,0,21,0
KV Sharma,201802020,68,66,203.0,1,1610,59,2/13,21.045,5.925000000000001,15.912500000000001,2,0,14,0
MM Sharma,201302019,86,86,291.8,0,2470,92,4/14,34.0475,9.36,21.5,1,0,18,0
DR Shorey,201802019,2,0,0,0,0,0,0,0,0,0,0,0,0,0
DR Smith,201402015,91,46,89.5,0,810,26,1/11,33.49,8.7975,22.7875,1,0,41,0
TG Southee,201102011,43,43,160.0,2,1388,31,1/30,54.036249999999995,9.151250000000001,35.09375,0,0,19,0
SB Styris,201102011,12,11,36.0,0,276,8,0,16.435,10.254999999999999,13.1,0,0,2,0
SN Thakur,201802021,61,60,209.6,2,1867,67,3/28,30.695,9.530000000000001,19.5,0,0,17,0
T Thushara,200902010,6,6,22.3,0,161,8,2/16,20.12,7.15,16.8,0,0,3,0
S Tyagi,200902010,14,14,34.5,0,295,6,2/18,49.16,8.46,34.8,0,0,3,0
RV Uthappa,202102021,193,0,0.0,0,0,0,0,0.0,0.0,0.0,0,0,87,32
S Vidyut,200802008,9,1,2.0,0,22,1,1/22,22.00,11.00,12.0,0,0,1,0
M Vijay,200902020,106,4,6.0,0,49,0,0,0.0,6.85,0.0,0,0,47,0
SR Watson,201802020,145,105,337.7,3,2682,92,2/29,32.027499999999996,8.4925,22.575,1,0,40,0
DJ Willey,201802018,3,3,10.0,0,95,2,1/24,47.50,9.50,30.0,0,0,2,0
MA Wood,201802018,1,1,4.0,0,49,0,0,0,12.25,0,0,0,1,0
Anand Rajan,201102012,8,8,24.5,0,201,8,3/27,23.75,7.345,20.4,0,0,3,0
Anirudh Singh,201002010,5,0,0,0,0,0,0,0,0,0,0,0,3,0
Ankit Sharma,201202012,22,21,61.1,0,450,12,1/9,33.15625,8.0975,24.9875,0,0,4,0
A Ashish Reddy,201202012,31,20,43.400000000000006,0,396,18,3/25,22.125,9.175,14.45,0,0,9,0
SB Bangar,200802008,12,9,25.0,0,219,4,2/34,27.375,4.38,18.75,0,0,2,0
AA Bilakhia,200902010,7,0,0,0,0,0,0,0,0,0,0,0,1,0
B Chipli,201102012,23,1,1.0,0,20,0,0,0.0,5.0,0.0,0,0,3,0
DT Christian,201102012,49,49,146.3,0,1192,38,2/13,40.01375,8.56125,27.525,0,0,28,0
H Das,200802008,1,0,0,0,0,0,0,0,0,0,0,0,0,0
KH Devdhar,201102011,1,0,0,0,0,0,0,0,0,0,0,0,0,1
S Dhawan,201102012,192,6,8.0,0,66,4,1/7,2.0625,1.03125,1.5,0,0,82,0
JP Duminy,201102012,83,49,113.0,0,834,23,1/3,37.045,7.092499999999999,31.174999999999997,1,0,30,0
FH Edwards,200902009,6,6,23.2,1,154,5,2/27,30.80,6.60,28.0,0,0,0,0
HH Gibbs,200802010,36,0,0.0,0,0,0,0,0.0,0.0,0.0,0,0,22,0
AC Gilchrist,200802010,80,1,0.1,0,0,1,0,0.0,0.0,0.5,0,0,51,16
Harmeet Singh,200902011,28,28,90.9,0,731,27,2/23,30.27,8.2575,21.95,0,0,5,0
DJ Harris,201202012,4,2,3.0,0,26,0,0,0,8.66,0,0,0,2,0
RJ Harris,200902010,37,37,138.4,3,1047,45,3/18,23.255,7.54,18.45,1,0,20,0
IR Jaggi,201102012,7,0,0.0,0,0,0,0,0.0,0.0,0.0,0,0,2,0
Jaskaran Singh,200902010,8,7,17.0,0,171,6,2/18,28.50,10.05,17.0,0,0,0,0
AA Jhunjhunwala,201202012,21,10,14.1,0,129,1,1/13,9.5,9.9225,9.0,0,0,10,0
D Kalyankrishna,200802008,3,3,8.0,0,87,2,1/30,43.50,10.87,24.0,0,0,1,0
VVS Laxman,200802010,20,0,0.0,0,0,0,0,0.0,0.0,0.0,0,0,4,0
MJ Lumb,201102011,12,0,0.0,0,0,0,0,0.0,0.0,0.0,0,0,5,0
CA Lynn,201202012,42,0,0.0,0,0,0,0,0.0,0.0,0.0,0,0,12,0
I Malhotra,201102011,1,1,1.0,0,23,0,0,0,23.00,0,0,0,0,0
MR Marsh,201002010,21,19,52.699999999999996,0,420,20,1/19,10.82125,7.8975,8.9125,1,0,7,0
A Mishra,201102012,154,154,540.5,6,3976,166,4/9,24.7575,7.3525,20.175,4,1,21,0
MD Mishra,201002010,18,0,0.0,0,0,0,0,0.0,0.0,0.0,0,0,1,0
T Mishra,201202012,1,0,0,0,0,0,0,0,0,0,0,0,1,0
PP Ojha,200802011,92,90,316.29999999999995,1,2332,89,3/21,28.375,7.415,22.75,0,0,14,0
V Pratap Singh,201202012,9,9,34.0,0,296,10,2/31,29.60,8.70,20.4,0,0,0,0
DB Ravi Teja,200802012,32,2,3.0,0,28,1,1/19,14.0,4.665,9.0,0,0,11,0
PA Reddy,201202012,12,0,0.0,0,0,0,0,0.0,0.0,0.0,0,0,2,0
KAJ Roach,201002010,2,2,8.0,0,80,0,0,0,10.00,0,0,0,1,0
BB Samantray,201202012,9,0,0.0,0,0,0,0,0.0,0.0,0.0,0,0,3,0
KC Sangakkara,201102012,71,0,0.0,0,0,0,0,0.0,0.0,0.0,0,0,45,9
PM Sarvesh Kumar,200802008,2,2,5.0,0,42,1,1/18,42.00,8.40,30.0,0,0,0,0
Shahid Afridi,200802008,10,10,30.0,0,225,9,3/28,25.00,7.50,20.0,0,0,4,0
I Sharma,201102011,93,93,332.5,6,2701,72,5/12,37.6928125,8.813125,25.715625,0,1,16,0
R Sharma,201002010,44,44,154.4,1,1086,40,2/42,37.155,8.0625,26.45,0,0,12,0
RG Sharma,200802010,213,32,56.3,0,453,15,4/6,69.105,9.105,41.35,1,0,90,0
Shoaib Ahmed,200902009,8,7,17.0,0,152,5,2/20,30.40,8.94,20.4,0,0,4,0
LPC Silva,200802008,3,1,1.0,0,21,0,0,0,21.00,0,0,0,3,0
RP Singh,200802010,82,82,295.5,2,2338,90,4/22,29.268750000000004,8.419375,20.7875,2,0,29,0
S Sohal,201102011,22,0,0.0,0,0,0,0,0.0,0.0,0.0,0,0,2,0
DW Steyn,201102012,95,95,362.0,7,2508,97,3/8,24.403750000000002,7.13125,20.975,0,0,24,0
TP Sudhindra,201202012,3,3,11.4,0,136,1,1/46,136.00,11.65,70.0,0,0,0,0
TL Suman,200902010,43,11,25.0,0,197,6,2/14,14.1,7.7725,11.1,0,0,10,0
B Sumanth,201002010,5,0,0,0,0,0,0,0,0,0,0,0,4,0
A Symonds,200802010,39,30,87.5,0,674,20,3/21,37.155,8.9,25.2,0,0,21,0
J Theron,201202012,10,10,36.0,0,293,9,2/37,36.04,9.01,24.0,0,0,1,0
WPUJC Vaas,200802010,13,13,47.0,2,355,18,3/21,19.72,7.55,15.6,0,0,0,0
Y Venugopal Rao,200802010,65,20,36.0,0,337,6,2/23,11.2075,9.49,7.5,0,0,13,0
DP Vijaykumar,200802008,9,9,25.2,0,199,4,1/17,49.75,7.85,38.0,0,0,0,0
CL White,201102012,47,6,7.0,0,86,1,0,8.0,11.625,6.0,0,0,22,0
AS Yadav,200802008,8,0,0,0,0,0,0,0,0,0,0,0,1,0
DNT Zoysa,200802008,3,3,11.0,0,99,2,1/30,49.50,9.00,33.0,0,0,1,0
S Ladda,201002010,9,9,23.0,0,224,5,2/44,38.9375,10.0075,23.625,0,0,1,0
AR Bawne,201702017,1,0,0,0,0,0,0,0,0,0,0,0,0,0
VR Aaron,201102012,50,48,160.4,2,1429,42,2/19,37.1825,9.193750000000001,23.9125,0,0,3,0
Abhishek Sharma,201802018,22,14,22.0,0,176,7,0,12.57,4.0,9.4,0,0,5,0
AB Agarkar,201102013,42,42,130.2,0,1151,29,2/23,40.045,8.84,27.15,0,0,5,0
MA Agarwal,201402016,100,0,0.0,0,0,0,0,0.0,0.0,0.0,0,0,40,0
CJ Anderson,201702017,30,22,48.9,0,518,11,1/23,45.515,11.5625,24.65,0,0,11,0
Avesh Khan,201802021,25,25,91.0,0,749,29,3/13,24.46,7.045,21.3,0,0,5,0
R Bhatia,200802010,95,91,272.4,1,2020,71,4/15,32.20625,7.42375,26.0875,1,0,25,0
TR Birt,201102011,5,0,0,0,0,0,0,0,0,0,0,0,0,0
J Botha,201302013,34,34,115.4,0,800,25,2/11,41.75,7.085,34.05,0,0,18,0
TA Boult,201802019,62,62,235.3,5,1983,76,2/20,28.245,8.50875,19.775,1,0,23,0
DAJ Bracewell,201202012,1,1,4.0,0,32,3,3/32,10.66,8.00,8.0,0,0,1,0
CR Brathwaite,201602017,16,16,42.2,0,379,13,3/47,17.4,9.2275,11.55,0,0,5,0
AT Carey,202002020,3,0,0,0,0,0,0,0,0,0,0,0,2,0
UBT Chand,201102013,21,0,0.0,0,0,0,0,0.0,0.0,0.0,0,0,8,0
PD Collingwood,201002010,8,6,14.5,0,101,5,2/19,20.20,6.80,17.8,0,0,4,0
NM Coulter0Nile,201402016,38,37,139.5,1,1052,48,4/20,23.494999999999997,7.5075,18.925,2,0,12,0
PJ Cummins,201702017,37,37,138.6,1,1145,38,2/20,29.21,8.190000000000001,21.299999999999997,1,0,7,0
TK Curran,202102021,13,13,39.4,0,430,13,3/29,46.08,10.9125,24.924999999999997,0,0,2,0
CJ Dala,201802018,1,1,3.0,0,34,0,0,0,11.33,0,0,0,0,0
Q de Kock,201402016,77,0,0.0,0,0,0,0,0.0,0.0,0.0,0,0,53,14
TU Deshpande,202002020,5,5,17.0,0,192,3,2/37,64.00,11.29,34.0,0,0,1,0
AB de Villiers,200802010,184,0,0.0,0,0,0,0,0.0,0.0,0.0,0,0,118,8
TM Dilshan,200802010,52,25,45.1,0,366,5,1/3,118.875,8.27,78.85,0,0,20,0
AB Dinda,201102011,78,75,252.39999999999998,3,2073,69,2/42,47.27875,8.8525,31.58125,1,0,7,0
P Dubey,202002020,3,3,8.0,0,72,0,0,0,9.00,0,0,0,1,0
AJ Finch,201102012,87,5,7.1,0,67,1,0,3.0625,1.3514062500000001,1.5,0,0,27,0
G Gambhir,200802018,154,0,0.0,0,0,0,0,0.0,0.0,0.0,0,0,28,0
CM Gautam,201302015,13,0,0.0,0,0,0,0,0.0,0.0,0.0,0,0,3,4
B Geeves,200802008,2,2,8.0,0,91,1,1/50,91.00,11.37,48.0,0,0,3,0
Sunny Gupta,201202012,1,1,3.0,0,47,0,0,0,15.66,0,0,0,0,0
MC Henriques,201002010,62,60,158.2,0,1289,42,1/35,32.558125000000004,8.241875,23.375,0,0,28,0
SO Hetmyer,202002021,31,0,0.0,0,0,0,0,0.0,0.0,0.0,0,0,14,0
JR Hopes,201102011,21,20,60.0,0,548,14,1/25,39.135000000000005,9.175,25.7,0,0,6,0
CA Ingram,201102019,15,0,0,0,0,0,0,0,0,0,0,0,1,0
SS Iyer,201502021,87,0,0,0,0,0,0,0,0,0,0,0,34,0
DPMD Jayawardene,201202013,80,0,0.0,0,0,0,0,0.0,0.0,0.0,0,0,32,0
MC Juneja,201302013,7,0,0,0,0,0,0,0,0,0,0,0,0,0
KD Karthik,200802014,213,0,0.0,0,0,0,0,0.0,0.0,0.0,0,0,123,32
S Kaul,201302014,54,54,196.9,3,1696,58,2/27,38.125,8.545,26.75,1,0,8,0
Z Khan,201502017,100,99,366.4,5,2782,102,3/20,27.23,7.6,21.475,1,0,21,0
S Lamichhane,201802019,9,9,35.0,0,292,13,3/36,22.46,8.34,16.1,0,0,2,0
AB McDonald,200902011,11,10,31.0,0,261,11,2/37,24.8,8.065000000000001,17.4,0,0,0,0
GD McGrath,200802008,14,14,54.0,2,357,12,4/29,29.75,6.61,27.0,1,0,2,0
MF Maharoof,200802010,20,20,70.0,0,520,27,3/34,19.25,7.42,15.5,0,0,4,0
AD Mathews,201502017,49,44,131.5,0,1079,27,2/15,39.565,8.105,29.2,1,0,19,0
GJ Maxwell,201202018,97,56,107.0,0,915,22,2/22,31.505000000000003,9.17875,22.4125,0,0,35,0
BMAJ Mendis,201302013,3,2,5.0,0,36,1,1/16,36.00,7.20,30.0,0,0,2,0
LI Meriwala,202102021,1,1,3.0,0,32,1,1/32,32.00,10.66,18.0,0,0,0,0
Mohammad Asif,200802008,8,8,32.0,0,296,8,2/19,37.00,9.25,24.0,0,0,1,0
Mohammed Shami,201402018,77,77,278.2,1,2402,79,2/34,57.205,8.685,39.3,0,0,11,0
M Morkel,201102013,70,70,271.3,3,2089,77,4/20,12.9775,7.640000000000001,10.075,1,0,11,0
C Munro,201802019,13,2,2.0,0,15,0,0,0.0,3.75,0.0,0,0,4,0
DJ Muthuswami,201502015,6,6,14.0,0,101,4,2/18,25.25,7.21,21.0,0,0,0,0
S Nadeem,201102018,72,70,235.5,2,1784,48,3/16,37.5,8.02,28.15,0,0,16,0
Y Nagar,200902012,26,8,11.0,0,125,4,2/20,31.25,11.36,16.5,0,0,6,0
KK Nair,201602017,73,0,0.0,0,0,0,0,0.0,0.0,0.0,0,0,22,0
JDS Neesham,201402014,12,12,33.0,0,305,8,1/29,47.85,8.657499999999999,30.15,0,0,1,0
A Nortje,202002021,24,24,91.2,1,699,34,3/33,20.55,7.65,16.1,0,0,5,0
NV Ojha,201102018,113,0,0.0,0,0,0,0,0.0,0.0,0.0,0,0,65,10
RR Pant,201602021,84,0,0,0,0,0,0,0,0,0,0,0,56,14
WD Parnell,201402014,26,26,95.19999999999999,1,701,26,2/21,30.529999999999998,7.359999999999999,24.8,0,0,5,0
AR Patel,201902021,109,108,382.3,2,2762,95,3/21,29.125,7.125,24.55,1,0,44,0
HV Patel,201802020,63,61,210.39999999999998,0,1808,78,3/28,26.58,8.865,17.8,1,1,15,0
RV Patel,202102021,2,1,3.0,0,22,0,0,0,7.33,0,0,0,0,0
IK Pathan,201102013,103,101,339.9,10,2649,80,3/28,31.291249999999998,8.494375,22.16875,0,0,31,0
KMA Paul,201902019,8,8,27.1,0,237,9,3/17,26.33,8.72,18.1,0,0,5,0
KP Pietersen,201202014,36,13,29.0,0,215,7,0,11.57,5.7275,9.85,0,0,12,0
LE Plunkett,201802018,7,7,25.0,0,225,4,3/17,56.25,9.00,37.5,0,0,2,0
K Rabada,201702021,50,50,190.0,2,1560,76,4/21,20.52,8.21,15.0,4,0,23,0
AM Rahane,202002021,151,1,1.0,0,5,1,0,0.625,0.625,0.75,0,0,58,0
BJ Rohrer,201302013,8,1,1.0,0,12,0,0,0,12.00,0,0,0,3,0
JJ Roy,201802018,13,0,0.0,0,0,0,0,0.0,0.0,0.0,0,0,8,0
AD Russell,201202013,84,76,210.1,0,1901,72,1/51,126.27,9.44,76.9,1,1,25,0
SE Rutherford,201902019,7,6,6.5,0,59,1,1/6,59.00,8.63,41.0,0,0,5,0
AM Salvi,200902011,7,7,25.0,0,200,7,2/19,28.57,8.00,21.4,0,0,2,0
DR Sams,202002020,5,5,18.0,0,153,1,0,19.5,8.0,18.0,0,0,3,0
SV Samson,201602017,121,0,0.0,0,0,0,0,0.0,0.0,0.0,0,0,59,10
MN Samuels,201702017,15,11,35.4,0,284,9,0,13.885,9.49,10.85,0,0,2,0
GS Sandhu,201502015,3,2,8.0,0,82,1,1/33,82.00,10.25,48.0,0,0,0,0
PJ Sangwan,200802010,39,39,133.4,1,1175,35,3/18,32.59,9.985,17.925,0,0,6,0
V Sehwag,200802013,104,15,22.4,0,235,6,2/18,19.58,5.18,11.3,0,0,34,0
PP Shaw,201802021,53,0,0,0,0,0,0,0,0,0,0,0,11,0
Shoaib Malik,200802008,7,5,8.3,0,85,2,1/6,42.50,10.00,25.5,0,0,5,0
LR Shukla,201402014,47,27,52.2,0,447,15,1/31,54.5,8.675,37.2,0,0,14,0
R Shukla,201402014,7,7,20.0,0,208,5,1/13,25.415,10.2375,14.75,0,0,3,0
SPD Smith,202102021,103,1,0.2,0,5,0,0,0.0,1.875,0.0,0,0,53,0
S Sriram,201102011,2,2,3.0,0,49,0,0,0.0,18.5,0.0,0,0,0,0
MP Stoinis,202002021,56,45,101.19999999999999,0,969,30,3/26,51.067499999999995,9.177499999999998,34.2,1,0,12,0
J Suchith,201902019,17,16,52.0,0,462,12,2/28,12.7,8.7025,9.15,0,0,9,0
AP Tare,201702017,35,0,0.0,0,0,0,0,0.0,0.0,0.0,0,0,3,5
LRPL Taylor,201202014,55,2,2.0,0,24,0,0,0.0,9.25,0.0,0,0,18,0
R Tewatia,201802019,48,45,132.2,0,1020,32,3/18,28.8,7.23,23.35,0,0,19,0
MK Tiwary,200802015,98,6,7.0,0,83,1,0,8.5,5.7075,4.5,0,0,46,0
SS Tiwary,201502015,93,0,0.0,0,0,0,0,0.0,0.0,0.0,0,0,25,0
JD Unadkat,201402015,86,85,295.20000000000005,3,2588,85,3/32,27.156875,7.858750000000001,20.28125,0,2,24,0
RE van der Merwe,201102013,21,21,73.5,1,498,21,3/20,23.65,6.725,21.1,0,0,8,0
DL Vettori,200802010,34,34,128.9,0,879,28,3/15,31.175,7.029999999999999,26.9,0,0,11,0
GH Vihari,201902019,24,6,7.0,0,47,1,0,19.0,7.665,18.0,0,0,6,0
MS Wade,201102011,3,0,0,0,0,0,0,0,0,0,0,0,0,0
DA Warner,200902013,150,1,0.1,0,2,0,0,0.0,6.0,0.0,0,0,68,0
CR Woakes,202102021,21,21,73.2,0,658,30,2/18,21.65,9.235,14.024999999999999,0,0,7,0
J Yadav,201502017,19,19,61.0,0,419,8,1/8,52.375,6.86,45.75,0,0,6,0
Lalit Yadav,202102021,7,5,14.0,0,101,4,2/13,25.25,7.21,21.0,0,0,5,0
UT Yadav,201002013,121,120,419.8,3,3579,119,4/24,30.4625,8.64,21.125,2,0,29,0
Yuvraj Singh,201502015,132,73,144.5,0,1077,36,1/14,52.3590625,7.91625,36.259375,2,0,31,0
AD Nath,-,14,0,0.0,0,0,0,0,0.0,0.0,0.0,0,0,2,0
SS Agarwal,-,1,1,4.0,0,42,1,1/42,42.00,10.50,24.0,0,0,1,0
Ankit Soni,-,7,6,18.1,0,144,2,1/16,72.00,7.92,54.5,0,0,1,0
Basil Thampi,-,20,20,70.5,0,694,17,3/29,41.769999999999996,9.9,25.200000000000003,0,0,4,0
ER Dwivedi,-,4,0,0,0,0,0,0,0,0,0,0,0,2,0
JP Faulkner,-,60,60,204.3,4,1778,59,2/34,25.42,7.68,18.6625,0,2,16,0
Ishan Kishan,-,61,0,0.0,0,0,0,0,0.0,0.0,0.0,0,0,19,2
S Kaushik,-,10,10,34.0,0,297,6,3/20,49.50,8.73,34.0,0,0,0,0
DS Kulkarni,-,92,92,297.1,8,2474,86,4/14,30.352500000000003,8.365,21.575000000000003,1,0,22,0
P Kumar,-,119,119,420.4,14,3251,90,2/19,39.7525,8.364375,28.225,0,0,14,0
MM Patel,-,63,63,225.5,5,1698,74,1/35,31.4375,7.6775,24.15,2,1,15,0
NB Singh,-,2,2,4.0,0,15,1,1/7,15.00,3.75,24.0,0,0,0,0
PV Tambe,-,33,33,110.0,0,853,28,2/12,29.73,8.24,21.85,1,0,4,0
Tejas Baroka,-,1,1,3.3,0,33,0,0,0,9.42,0,0,0,0,0
AJ Tye,-,27,27,103.0,0,872,40,5/17,34.2425,10.11,18.95,3,1,7,0
KJ Abbott,201602016,5,5,16.0,0,177,2,1/38,88.50,11.06,48.0,0,0,0,0
YA Abdulla,200902010,11,11,34.5,1,307,15,4/31,20.46,8.81,13.9,2,0,0,0
L Ablish,201002011,3,3,7.0,0,75,3,2/17,25.00,10.71,14.0,0,0,0,0
FA Allen,202102021,4,3,11.0,1,90,1,1/22,90.00,8.18,66.0,0,0,2,0
HM Amla,201602017,16,0,0,0,0,0,0,0,0,0,0,0,0,0
Anureet Singh,201502017,23,22,68.4,0,623,18,3/23,35.775,9.835,21.7,0,0,5,0
Arshdeep Singh,201902021,23,23,76.1,1,669,30,5/32,22.30,8.78,15.2,0,1,6,0
M Ashwin,201902021,34,34,111.6,0,881,26,3/21,26.604999999999997,7.8149999999999995,20.25,0,0,7,0
P Awana,201202014,33,33,124.3,2,1029,39,4/34,26.38,8.26,19.1,1,0,4,0
Azhar Mahmood,201202013,23,23,89.3,0,700,29,3/20,11.36,10.635,8.9,0,0,8,0
AB Barath,201002010,3,0,0,0,0,0,0,0,0,0,0,0,0,0
F Behardien,201602016,3,0,0,0,0,0,0,0,0,0,0,0,1,0
BA Bhatt,201102013,17,15,49.2,0,397,12,4/22,33.08,8.04,24.6,1,0,1,0
Bipul Sharma,201002013,33,28,70.6,0,572,17,2/32,33.665,8.05,25.0,0,0,7,0
MS Bisla,201002010,39,0,0.0,0,0,0,0,0.0,0.0,0.0,0,0,20,7
RS Bopara,200902010,24,14,34.2,0,292,11,3/31,26.53,8.6,18.6,0,0,7,0
RR Bose,200902009,1,1,2.0,0,24,0,0,0,12.00,0,0,0,0,0
KC Cariappa,201602017,11,11,36.0,0,348,8,2/16,51.425,12.215,25.7,0,0,3,0
SD Chitnis,201102012,11,2,6.0,0,60,2,0,7.5,2.5,4.5,0,0,2,0
SS Cottrell,202002020,6,6,20.0,1,176,6,2/17,29.33,8.80,20.0,0,0,0,0
P Dharmani,200802008,1,0,0,0,0,0,0,0,0,0,0,0,0,0
R Dhawan,201402016,26,25,81.2,1,640,18,2/14,43.84,7.63,34.9,0,0,6,0
P Dogra,201202012,13,0,0.0,0,0,0,0,0.0,0.0,0.0,0,0,4,0
NT Ellis,202102021,3,3,11.0,0,90,1,1/12,90.00,8.18,66.0,0,0,0,0
Gagandeep Singh,200802008,4,4,14.0,0,141,3,1/33,47.00,10.07,28.0,0,0,0,0
CH Gayle,201802021,142,38,91.4,0,729,18,0,31.26,7.3975,23.5,0,0,29,0
K Goel,200802010,22,6,11.0,0,93,0,0,0,8.45,0,0,0,9,0
K Gowtham,202002020,24,24,68.0,0,562,13,1/45,61.915,9.23,39.0,0,0,10,0
MJ Guptill,201702017,13,0,0.0,0,0,0,0,0.0,0.0,0.0,0,0,7,0
Gurkeerat Singh,201202017,41,6,13.0,0,97,5,2/15,9.7,3.73,7.8,0,0,19,1
Harpreet Brar,201902021,10,10,32.0,1,228,5,3/19,45.60,7.12,38.4,0,0,2,0
BE Hendricks,201402015,7,7,25.0,0,235,9,3/36,26.11,9.40,16.6,0,0,3,0
MJ Henry,201702017,2,2,5.0,0,71,1,1/31,71.00,14.20,30.0,0,0,0,0
DJ Hooda,202002021,80,28,54.1,0,458,9,1/15,65.705,8.434999999999999,46.5,0,0,32,0
MG Johnson,201402016,54,54,205.2,2,1702,61,2/19,44.584999999999994,8.3475,29.225,0,0,15,0
CJ Jordan,202002021,24,24,76.3,0,698,25,3/17,33.5525,8.6,23.8,1,0,9,0
M Kaif,201002010,29,0,0.0,0,0,0,0,0.0,0.0,0.0,0,0,15,0
Karanveer Singh,201402015,9,9,34.0,0,321,12,4/54,26.75,9.44,17.0,1,0,2,0
M Kartik,201402014,56,55,191.4,1,1388,31,1/51,53.28875,7.78125,40.2,0,0,20,0
SM Katich,200802009,11,0,0,0,0,0,0,0,0,0,0,0,2,0
U Kaul,200802008,5,0,0,0,0,0,0,0,0,0,0,0,2,0
SN Khan,201902021,40,1,0.2,0,6,0,0,0.0,9.0,0.0,0,0,6,0
T Kohli,200902009,4,0,0.0,0,0,0,0,0.0,0.0,0.0,0,0,1,0
B Lee,200802010,38,38,145.5,3,1095,25,3/15,43.254999999999995,7.470000000000001,34.650000000000006,0,0,10,0
R McLaren,201102011,18,18,59.0,0,542,12,2/33,50.4825,9.795,34.4,0,0,5,0
DJ Malan,202102021,1,0,0,0,0,0,0,0,0,0,0,0,1,0
VS Malik,200902011,13,13,34.1,0,261,6,1/12,43.495,7.465,34.15,0,0,2,0
Mandeep Singh,201102021,105,2,2.0,0,26,0,0,0.0,3.25,0.0,0,0,37,0
AK Markram,202102021,6,2,4.0,0,23,0,0,0,5.75,0,0,0,3,0
SE Marsh,200802017,71,0,0,0,0,0,0,0,0,0,0,0,26,0
AD Mascarenhas,201202013,13,13,51.2,1,356,19,5/25,18.7,6.855,16.35,0,1,3,0
RP Meredith,202102021,5,5,17.0,0,169,4,1/29,42.25,9.94,25.5,0,0,0,0
DA Miller,201202019,89,0,0.0,0,0,0,0,0.0,0.0,0.0,0,0,53,0
EJG Morgan,201702017,83,0,0.0,0,0,0,0,0.0,0.0,0.0,0,0,36,0
WA Mota,200802009,12,7,12.0,0,97,4,1/6,24.25,8.08,18.0,0,0,5,0
Mujeeb Ur Rahman,201802020,19,19,72.2,0,592,19,3/27,23.805,7.74,18.05,0,0,2,0
NS Naik,201602016,4,0,0.0,0,0,0,0,0.0,0.0,0.0,0,0,3,0
T Natarajan,201702017,24,24,82.9,1,688,20,1/26,44.665,8.575,30.8,0,0,3,0
AM Nayar,201102012,60,19,38.1,0,322,9,1/22,18.1125,4.085,13.0375,0,0,13,0
MG Neser,201302013,1,1,4.0,0,62,0,0,0,15.50,0,0,0,0,0
LA Pomersbach,200802013,17,0,0.0,0,0,0,0,0.0,0.0,0.0,0,0,7,0
N Pooran,201902021,33,0,0,0,0,0,0,0,0,0,0,0,11,0
IC Porel,202102021,1,1,4.0,0,39,1,1/39,39.00,9.75,24.0,0,0,0,0
RR Powar,200802012,27,26,71.0,0,527,13,2/11,46.86,8.18,34.05,0,0,5,0
Prabhsimran Singh,201902021,5,0,0,0,0,0,0,0,0,0,0,0,2,0
CA Pujara,201402014,30,0,0.0,0,0,0,0,0.0,0.0,0.0,0,0,6,0
KL Rahul,201802021,94,0,0.0,0,0,0,0,0.0,0.0,0.0,0,0,50,5
AU Rashid,202102021,1,1,3.0,0,35,0,0,0,11.66,0,0,0,0,0
Ravi Bishnoi,202002021,23,23,87.0,1,606,24,3/24,25.25,6.96,21.7,0,0,4,0
JA Richardson,202102021,3,3,11.0,0,117,3,2/41,39.00,10.63,22.0,0,0,1,0
NJ Rimmington,201102011,1,1,3.0,0,19,0,0,0,6.33,0,0,0,0,0
P Sahu,201602016,5,5,17.3,0,146,3,2/18,48.66,8.34,35.0,0,0,0,0
N Saini,201202012,10,0,0,0,0,0,0,0,0,0,0,0,11,2
Sandeep Sharma,201302017,99,99,366.2,8,2849,112,4/20,26.565,7.775,20.45,2,0,12,0
RR Sarwan,200802008,4,0,0,0,0,0,0,0,0,0,0,0,1,0
R Sathish,201302013,34,14,23.1,0,232,3,0,45.25,10.274999999999999,28.75,0,0,6,0
Jalaj S Saxena,202102021,1,1,3.0,0,27,0,0,0,9.00,0,0,0,0,0
M Shahrukh Khan,202102021,11,0,0,0,0,0,0,0,0,0,0,0,4,0
Shivam Sharma,201402015,5,5,19.0,0,165,4,2/26,41.25,8.68,28.5,0,0,1,0
VRV Singh,200802010,19,18,60.0,0,542,12,3/29,45.16,9.03,30.0,0,0,3,0
RS Sodhi,201002010,3,0,0,0,0,0,0,0,0,0,0,0,2,0
BB Sran,201802018,24,24,80.3,0,757,18,2/50,22.94125,10.098749999999999,15.125,0,0,4,0
S Sreesanth,200802010,44,44,146.0,4,1190,40,3/29,30.985,7.58,24.775,0,0,3,0
SJ Srivastava,201002011,14,14,47.0,0,441,14,2/20,31.50,9.38,20.1,0,0,3,0
TM Srivastava,200802009,7,0,0,0,0,0,0,0,0,0,0,0,2,0
Sunny Singh,201102011,6,0,0,0,0,0,0,0,0,0,0,0,1,0
Swapnil Singh,201602017,5,5,10.0,0,90,1,1/14,90.00,9.00,60.0,0,0,1,0
PC Valthaty,201102013,23,10,25.1,0,205,7,4/29,14.64,4.07,10.75,1,0,3,0
CV Varun,201902019,31,31,123.0,0,839,36,1/35,28.985,9.18,19.25,0,1,4,0
GC Viljoen,201902019,6,6,23.0,0,222,7,2/39,31.71,9.65,19.7,0,0,0,0
M Vohra,201302017,53,0,0.0,0,0,0,0,0.0,0.0,0.0,0,0,13,0
B Akhil,-,15,13,31.2,0,242,6,0,18.33,9.25,14.65,0,0,3,0
Y Gnaneswara Rao,-,2,1,1.0,0,7,0,0,0,7.00,0,0,0,2,0
RV Gomez,-,13,9,16.0,1,129,5,2/14,12.4,6.63,9.0,0,0,3,0
BJ Hodge,-,66,20,39.0,0,303,17,4/13,20.36,7.77,15.5,1,0,22,0
M Klinger,-,4,0,0,0,0,0,0,0,0,0,0,0,0,0
P Parameswaran,-,8,8,25.4,0,224,9,2/20,25.825,8.719999999999999,17.75,0,0,1,0
P Prasanth,-,1,1,1.0,0,18,0,0,0,18.00,0,0,0,0,0
OA Shah,-,23,0,0.0,0,0,0,0,0.0,0.0,0.0,0,0,7,0
R Vinay Kumar,-,105,104,352.6,1,2966,105,3/25,30.588749999999997,8.41375,21.7375,1,0,35,0
T Banton,202002020,2,0,0,0,0,0,0,0,0,0,0,0,0,0
SE Bond,201002010,8,8,31.0,1,224,9,2/24,24.88,7.22,20.6,0,0,1,0
MV Boucher,201102011,31,0,0.0,0,0,0,0,0.0,0.0,0.0,0,0,14,3
DM Bravo,201702017,1,0,0,0,0,0,0,0,0,0,0,0,0,0
A Chopra,200802009,7,0,0,0,0,0,0,0,0,0,0,0,2,0
DB Das,200802013,31,0,0,0,0,0,0,0,0,0,0,0,7,0
C de Grandhomme,201702017,25,19,36.0,0,319,6,3/4,62.875,8.815,42.0,0,0,6,0
M de Lange,201202012,5,5,18.0,1,169,5,3/34,33.33,9.225,22.0,0,0,0,0
JL Denly,201902019,1,0,0,0,0,0,0,0,0,0,0,0,0,0
LH Ferguson,201902021,22,22,79.5,1,648,24,3/15,28.71,7.7250000000000005,22.5,0,0,3,0
SC Ganguly,200802010,59,20,46.0,0,363,10,2/21,40.5,8.47,28.5,0,0,22,0
RS Gavaskar,201002010,2,1,1.0,0,8,0,0,0,8.00,0,0,0,0,0
AN Ghosh,200902009,2,0,0,0,0,0,0,0,0,0,0,0,1,0
SP Goswami,201102011,31,0,0.0,0,0,0,0,0.0,0.0,0.0,0,0,17,7
CJ Green,202002020,1,1,2.5,0,24,0,0,0,8.47,0,0,0,0,0
HF Gurney,201902019,8,8,27.0,0,238,7,2/25,34.00,8.81,23.1,0,0,0,0
BJ Haddin,201102011,1,0,0,0,0,0,0,0,0,0,0,0,0,0
Harpreet Singh,201002010,4,0,0.0,0,0,0,0,0.0,0.0,0.0,0,0,2,0
GB Hogg,201502016,21,21,76.2,1,570,23,4/29,25.2,7.47,20.3,1,0,4,0
Iqbal Abdulla,200802013,49,48,153.2,1,1109,40,3/24,23.432499999999997,8.035,17.725,0,0,14,0
VR Iyer,202102021,10,4,8.3,0,69,3,2/29,23.00,8.11,17.0,0,0,7,0
SP Jackson,201702017,4,0,0,0,0,0,0,0,0,0,0,0,2,0
JH Kallis,201102014,98,89,290.2,3,2293,65,3/13,38.505,7.915000000000001,28.799999999999997,0,0,31,0
Kuldeep Yadav,201602020,45,43,149.2,0,1236,40,4/20,30.90,8.27,22.4,1,0,11,0
CK Langeveldt,200902010,7,7,26.0,0,187,13,3/15,14.835,7.245,12.2,0,0,0,0
Mashrafe Mortaza,200902009,1,1,4.0,0,58,0,0,0,14.50,0,0,0,0,0
BAW Mendis,200802010,10,10,40.0,0,285,8,2/19,36.75,6.945,32.0,0,0,2,0
Mohammad Hafeez,200802008,8,4,10.0,0,68,2,1/8,34.00,6.80,30.0,0,0,1,0
KL Nagarkoti,202002021,11,10,28.0,0,256,5,2/13,51.20,9.14,33.6,0,0,4,0
SP Narine,201202021,134,133,520.1,3,3508,143,5/19,24.53,6.74,21.8,7,1,21,0
S Narwal,201302013,7,6,17.4,0,202,5,0,18.5,10.15,9.4,0,0,1,0
MK Pandey,201402017,154,0,0.0,0,0,0,0,0.0,0.0,0.0,0,0,75,0
MB Parmar,201002010,1,1,3.0,0,33,0,0,0,11.00,0,0,0,0,0
YK Pathan,201102017,174,82,191.1,1,1415,42,3/20,28.01,7.3625,22.775,0,0,43,0
RT Ponting,200802008,10,0,0.0,0,0,0,0,0.0,0.0,0.0,0,0,4,0
M Prasidh Krishna,201802021,34,34,124.2,0,1152,30,4/30,38.40,9.26,24.8,1,0,7,0
Y Prithvi Raj,201902019,2,2,5.0,0,57,1,1/29,57.00,11.40,30.0,0,0,0,0
N Rana,201802021,77,16,19.1,0,154,7,2/11,10.785,5.655,7.75,0,0,15,0
Salman Butt,200802008,7,0,0,0,0,0,0,0,0,0,0,0,2,0
S Sandeep Warrier,201902021,5,5,17.0,0,134,2,2/31,67.00,7.88,51.0,0,0,1,0
SS Sarkar,200902009,2,2,4.1,0,34,1,1/15,34.00,8.16,25.0,0,0,0,0
JPR Scantlebury0Searles,201802018,4,3,7.0,0,89,2,1/24,44.50,12.71,21.0,0,0,4,0
TL Seifert,202102021,1,0,0,0,0,0,0,0,0,0,0,0,0,0
SMSM Senanayake,201302013,8,8,32.0,1,209,9,2/26,23.22,6.53,21.3,0,0,2,0
SS Shaikh,200902009,2,0,0,0,0,0,0,0,0,0,0,0,2,0
Shakib Al Hasan,201102021,71,70,246.8,1,1839,63,3/17,30.915,7.645,24.15,0,0,14,0
Shivam Mavi,201802021,26,26,86.1,2,715,25,4/21,28.60,8.29,20.6,1,0,12,0
Shoaib Akhtar,200802008,3,3,7.0,0,54,5,4/11,10.80,7.71,8.4,1,0,0,0
Shubman Gill,201802021,58,0,0,0,0,0,0,0,0,0,0,0,23,0
RK Singh,201802020,10,0,0,0,0,0,0,0,0,0,0,0,6,0
T Taibu,200802008,3,0,0,0,0,0,0,0,0,0,0,0,1,0
RN ten Doeschate,201102015,29,10,13.0,0,94,2,1/7,47.00,7.23,39.0,0,0,8,0
RA Tripathi,202002021,62,1,1.0,0,12,0,0,0.0,6.0,0.0,0,0,23,0
Umar Gul,200802008,6,6,22.3,1,184,12,4/23,15.33,8.17,11.2,1,0,0,0
MN van Wyk,200902009,5,0,0,0,0,0,0,0,0,0,0,0,7,0
SA Yadav,201402017,115,1,1.0,0,8,0,0,0.0,4.0,0.0,0,0,55,0
Yashpal Singh,200902009,8,0,0,0,0,0,0,0,0,0,0,0,3,0
AN Ahmed,201002013,17,17,57.2,1,498,12,2/13,46.185,8.719999999999999,31.35,0,0,2,0
Anmolpreet Singh,202102021,1,0,0,0,0,0,0,0,0,0,0,0,0,0
JP Behrendorff,201902019,5,5,19.0,0,165,5,2/22,33.00,8.68,22.8,0,0,0,0
STR Binny,201002010,95,63,99.0,0,758,22,0,26.707499999999996,8.1325,20.4,0,0,19,0
AC Blizzard,201102012,7,0,0,0,0,0,0,0,0,0,0,0,4,0
JJ Bumrah,201302021,106,106,403.4,6,2996,130,4/14,23.04,7.42,18.6,2,0,13,0
JC Buttler,201602017,65,0,0.0,0,0,0,0,0.0,0.0,0.0,0,0,34,1
YS Chahal,201302013,114,113,408.0,4,3097,139,0,11.015,8.04,8.7,2,0,24,0
RD Chahar,201902021,42,41,150.0,0,1117,43,4/27,27.41,7.84,20.95,1,0,11,0
BCJ Cutting,201802019,21,17,46.5,0,429,10,1/12,40.915,8.7575,27.4,0,0,10,0
A Dananjaya,201802018,1,1,4.0,0,47,0,0,0,11.75,0,0,0,0,0
BR Dunk,201402014,3,0,0,0,0,0,0,0,0,0,0,0,3,0
CRD Fernando,200802010,10,10,39.0,0,294,17,4/18,17.29,7.53,13.7,1,0,3,0
JEC Franklin,201102012,20,15,25.1,0,220,9,2/18,24.44,8.74,16.7,0,0,6,0
S Gopal,201402016,48,47,155.1,1,1248,48,2/25,24.34,8.035,18.15,1,0,11,0
DJ Jacobs,201102012,7,0,0,0,0,0,0,0,0,0,0,0,3,2
M Jansen,202102021,2,2,6.0,0,45,2,2/28,22.50,7.50,18.0,0,0,1,0
ST Jayasuriya,200802010,30,21,49.0,1,390,13,3/14,30.00,7.95,22.6,0,0,4,0
AS Joseph,201902019,3,3,8.4,1,87,6,6/12,14.50,10.03,8.6,0,1,1,0
MA Khote,200802008,4,2,5.0,0,51,2,2/29,25.50,10.20,15.0,0,0,0,0
SD Lad,201902019,1,0,0,0,0,0,0,0,0,0,0,0,0,0
RE Levi,201202012,6,0,0,0,0,0,0,0,0,0,0,0,2,0
E Lewis,201802019,21,0,0.0,0,0,0,0,0.0,0.0,0.0,0,0,6,0
MJ McClenaghan,201502019,56,56,212.2,1,1803,71,4/21,25.39,8.49,17.9,1,0,1,0
CJ McKay,201202012,2,2,7.0,0,60,1,1/36,60.00,8.57,42.0,0,0,0,0
C Madan,201002010,1,0,0,0,0,0,0,0,0,0,0,0,0,0
SL Malinga,200902019,122,122,471.1,8,3365,170,5/13,19.79,7.14,16.6,6,1,21,0
M Markande,201802019,18,18,53.0,0,453,16,4/23,13.34,8.6,9.35,1,0,3,0
AF Milne,202102021,9,9,32.0,0,308,7,2/21,43.955,9.59,27.5,0,0,7,0
Mohammad Ashraful,200902009,1,0,0,0,0,0,0,0,0,0,0,0,2,0
AG Murtaza,201002011,12,12,44.0,0,313,9,2/18,34.83,7.625,28.0,0,0,3,0
Mustafizur Rahman,201802018,38,38,142.2,1,1121,38,3/24,29.3775,7.762499999999999,22.625,0,0,5,0
C Nanda,200902009,3,3,8.0,0,57,2,1/4,28.50,7.12,24.0,0,0,0,0
GR Napier,200902009,1,1,4.0,0,27,1,1/27,27.00,6.75,24.0,0,0,0,0
A Nel,200802008,1,1,3.0,0,31,1,1/31,31.00,10.33,18.0,0,0,0,0
HH Pandya,201502021,92,60,144.5,0,1313,42,3/20,31.26,9.06,20.6,0,0,53,0
KH Pandya,201602021,84,81,240.4,0,1773,51,3/14,34.76,7.36,28.3,0,0,28,0
JL Pattinson,202002020,10,10,35.3,0,320,11,2/19,29.09,9.01,19.3,0,0,2,0
RV Pawar,200802008,1,0,0,0,0,0,0,0,0,0,0,0,0,0
RJ Peterson,201202012,5,4,8.0,0,70,3,3/37,23.33,8.75,16.0,0,0,1,0
KA Pollard,201002021,178,101,234.0,0,2055,65,4/44,31.61,8.78,21.6,1,0,96,0
SM Pollock,200802008,13,13,46.0,1,301,11,3/12,27.36,6.54,25.0,0,0,2,0
RW Price,201102011,1,1,3.0,0,33,0,0,0,11.00,0,0,0,0,0
RR Raje,200802009,10,10,23.1,0,209,6,2/16,34.83,9.02,23.1,0,0,3,0
Rasikh Salam,201902019,1,1,4.0,0,42,0,0,0,10.50,0,0,0,1,0
L Ronchi,200802009,5,0,0,0,0,0,0,0,0,0,0,0,4,0
AS Roy,201902019,1,1,2.0,0,11,1,1/11,11.00,5.50,12.0,0,0,0,0
K Santokie,201402014,2,2,8.0,0,90,3,2/50,30.00,11.25,16.0,0,0,1,0
PR Shah,200802009,16,0,0.0,0,0,0,0,0.0,0.0,0.0,0,0,10,3
RA Shaikh,200902009,1,1,1.0,0,11,0,0,0,11.00,0,0,0,0,0
LMP Simmons,201402017,29,1,3.0,0,34,1,1/34,34.00,11.33,18.0,0,0,10,0
P Suyal,201302015,5,5,16.0,0,151,2,1/21,75.50,9.43,48.0,0,0,1,0
YV Takawale,200802009,16,0,0.0,0,0,0,0,0.0,0.0,0.0,0,0,13,4
SR Tendulkar,200802013,78,4,6.0,0,58,0,0,0,9.66,0,0,0,23,0
DJ Thornely,200802008,6,4,7.0,0,40,3,2/7,13.33,5.71,14.0,0,0,3,0
VS Yeligati,200802008,2,2,5.0,0,59,0,0,0,11.80,0,0,0,0,0
UA Birla,201302013,2,0,0,0,0,0,0,0,0,0,0,0,1,0
MJ Clarke,201202012,6,5,11.0,0,67,2,1/12,33.50,6.09,33.0,0,0,1,0
CJ Ferguson,201102012,9,0,0,0,0,0,0,0,0,0,0,0,2,0
Kamran Khan,201102011,9,9,26.4,0,224,9,0,9.83,11.565,7.85,0,0,4,0
B Kumar,201102013,132,132,491.3,9,3588,142,3/18,27.13,7.085,23.1,2,1,27,0
NL McCullum,201102011,2,2,5.0,0,34,0,0,0,6.80,0,0,0,1,0
AP Majumdar,201202012,4,0,0,0,0,0,0,0,0,0,0,0,0,0
SS Mundhe,201102011,1,1,1.0,0,6,1,1/6,6.00,6.00,6.0,0,0,0,0
TD Paine,201102011,2,0,0,0,0,0,0,0,0,0,0,0,0,0
Parvez Rasool,201302013,11,11,33.0,0,271,4,1/23,67.75,7.772500000000001,49.5,0,0,3,0
S Rana,201102011,11,3,2.4,0,18,0,0,0.0,5.5,0.0,0,0,3,0
M Rawat,201302013,18,0,0.0,0,0,0,0,0.0,0.0,0.0,0,0,16,2
KW Richardson,201302013,15,15,55.5,0,472,19,1/28,28.655,8.8875,19.725,0,0,6,0
JD Ryder,201102012,29,16,39.2,1,303,8,1/8,37.965,7.585,30.4,0,0,10,0
GC Smith,201102011,29,0,0.0,0,0,0,0,0.0,0.0,0.0,0,0,7,0
JE Taylor,201102011,5,5,19.3,0,157,6,3/30,26.16,8.05,19.5,0,0,0,0
AC Thomas,201102012,15,15,52.3,2,406,14,3/22,29.00,7.73,22.5,0,0,3,0
K Upadhyay,201202013,3,3,9.0,0,81,0,0,0,9.00,0,0,0,1,0
SB Wagh,201102011,8,8,17.0,0,137,5,3/16,23.125,11.78,15.0,0,0,1,0
LJ Wright,201202013,7,6,11.5,0,124,2,1/12,62.00,10.47,35.5,0,0,2,0
Akash Singh,202102021,1,1,4.0,0,39,0,0,0,9.75,0,0,0,0,0
Anuj Rawat,202102021,2,0,0,0,0,0,0,0,0,0,0,0,3,0
JC Archer,201802020,35,35,137.3,2,981,46,3/15,21.32,7.13,17.9,0,0,9,0
SA Asnodkar,200802011,20,0,0,0,0,0,0,0,0,0,0,0,6,0
LA Carseldine,200902009,5,1,1.0,0,6,1,1/6,6.00,6.00,6.0,0,0,4,0
A Chandila,201202013,12,12,39.0,0,242,11,4/13,22.00,6.20,21.2,1,0,7,0
AA Chavan,201102013,13,13,41.2,0,326,8,2/23,40.75,7.88,31.0,0,0,3,0
P Chopra,201802019,2,0,0,0,0,0,0,0,0,0,0,0,0,0
KK Cooper,201202014,25,25,96.0,1,757,33,4/26,22.93,7.88,17.4,1,0,12,0
AP Dole,201002010,3,3,11.0,0,112,5,2/36,22.40,10.18,13.2,0,0,2,0
ND Doshi,201102011,4,4,9.2,0,79,2,1/15,39.5,7.935,28.0,0,0,0,0
R Dravid,201102013,89,0,0.0,0,0,0,0,0.0,0.0,0.0,0,0,18,0
S Dube,202102021,24,11,15.4,0,130,4,0,10.125,8.695,8.0,0,0,5,0
FY Fazal,201002011,12,2,2.0,0,20,0,0,0,10.00,0,0,0,6,0
SM Harwood,200902009,3,3,10.0,0,73,3,2/25,24.33,7.30,20.0,0,0,2,0
T Henderson,200902009,2,2,6.0,0,40,1,1/30,40.00,6.66,36.0,0,0,0,0
YBK Jaiswal,202002021,13,0,0,0,0,0,0,0,0,0,0,0,4,0
Kamran Akmal,200802008,6,0,0,0,0,0,0,0,0,0,0,0,5,4
Kartik Tyagi,202002021,14,14,52.1,0,491,13,2/29,37.76,9.41,24.0,0,0,3,0
H Klaasen,201802018,7,0,0.0,0,0,0,0,0.0,0.0,0.0,0,0,3,4
DS Lehmann,200802008,2,0,0,0,0,0,0,0,0,0,0,0,0,0
LS Livingstone,201902021,9,1,1.0,0,13,0,0,0,13.00,0,0,0,7,0
MK Lomror,201802021,11,6,10.0,0,74,1,1/22,74.00,7.40,60.0,0,0,1,0
DR Martyn,201002010,1,0,0,0,0,0,0,0,0,0,0,0,0,0
AL Menaria,201102013,29,12,18.2,0,144,3,2/20,48.00,7.85,36.6,0,0,5,0
S Midhun,201902019,1,1,2.0,0,27,0,0,0,13.50,0,0,0,1,0
Pankaj Singh,200802012,17,17,50.0,1,468,11,2/18,41.25,9.465,26.25,0,0,2,0
R Parag,201902021,30,15,22.1,0,221,3,1/7,73.66,9.96,44.3,0,0,12,0
NK Patel,200802009,9,0,0,0,0,0,0,0,0,0,0,0,6,0
AG Paunikar,201002011,5,0,0,0,0,0,0,0,0,0,0,0,1,0
MDKJ Perera,201302013,2,0,0,0,0,0,0,0,0,0,0,0,0,0
GD Phillips,202102021,3,2,2.0,0,20,1,1/17,20.00,10.00,12.0,0,0,1,0
RJ Quiney,200902009,7,0,0,0,0,0,0,0,0,0,0,0,1,0
AS Raut,200902011,22,5,5.0,0,44,0,0,0,8.80,0,0,0,9,0
Sachin Baby,201302013,19,2,1.4,0,8,2,0,2.0,2.4,2.5,0,0,5,0
C Sakariya,202102021,14,14,52.0,1,426,14,3/31,30.42,8.19,22.2,0,0,4,0
D Salunkhe,200802008,6,5,8.0,0,78,1,1/21,78.00,9.75,48.0,0,0,2,0
T Shamsi,202102021,5,5,20.0,0,181,3,0,24.5,8.84,16.0,0,0,1,0
DJM Short,201802018,7,2,3.0,0,19,1,1/10,19.00,6.33,18.0,0,0,2,0
A Singh,200902012,23,23,78.5,1,620,28,4/19,22.14,7.86,16.8,1,0,1,0
IS Sodhi,201802019,8,8,30.1,1,202,9,3/26,22.44,6.69,20.1,0,0,0,0
Sohail Tanvir,200802008,11,11,41.1,0,266,22,6/14,12.09,6.46,11.2,1,1,4,0
BA Stokes,201802021,43,37,113.5,2,974,28,3/15,33.724999999999994,8.3,24.05,0,0,21,0
SW Tait,201002013,21,21,78.5,1,635,23,3/13,27.60,8.05,20.5,0,0,6,0
O Thomas,201902019,4,4,10.0,0,79,5,2/6,15.80,7.90,12.0,0,0,1,0
SK Trivedi,200802013,76,75,251.0,2,1904,65,4/25,29.29,7.58,23.1,1,0,14,0
AJ Turner,201902019,4,0,0,0,0,0,0,0,0,0,0,0,0,0
A Uniyal,201002010,2,2,6.0,0,66,2,2/41,33.00,11.00,18.0,0,0,0,0
AC Voges,201002010,9,7,9.0,0,76,0,0,0,8.44,0,0,0,1,0
SK Warne,200802011,55,54,199.0,1,1447,57,4/21,25.38,7.27,20.9,1,0,16,0
K Yadav,202102021,1,1,2.0,0,16,0,0,0,8.00,0,0,0,0,0
DH Yagnik,201102014,25,0,0,0,0,0,0,0,0,0,0,0,12,5
Younis Khan,200802008,1,0,0,0,0,0,0,0,0,0,0,0,1,0
SM Boland,-,2,2,7.0,0,54,2,2/31,27.00,7.71,21.0,0,0,0,0
PSP Handscomb,-,2,0,0,0,0,0,0,0,0,0,0,0,0,0
UT Khawaja,-,6,0,0,0,0,0,0,0,0,0,0,0,1,0
Washington Sundar,-,42,41,125.0,1,867,27,3/16,29.505000000000003,6.665,26.25,0,0,9,0
A Zampa,-,14,14,47.5,0,370,21,6/19,30.315,7.949999999999999,22.3,0,1,1,0
SA Abbott,201502015,2,2,5.0,0,57,0,0,0,11.40,0,0,0,0,0
Abdur Razzak,200802008,1,1,2.0,0,29,0,0,0,14.50,0,0,0,0,0
KP Appanna,200902012,14,13,36.0,0,286,9,4/19,31.77,7.94,24.0,1,0,1,0
S Aravind,201102017,38,38,126.4,0,1039,45,4/14,23.08,8.20,16.8,2,0,8,0
J Arunkumar,200802008,3,0,0,0,0,0,0,0,0,0,0,0,0,0
KS Bharat,202102021,8,0,0,0,0,0,0,0,0,0,0,0,4,1
RR Bhatkal,201202012,1,1,2.0,0,35,0,0,0,17.50,0,0,0,1,0
R Bishnoi,200902009,3,0,0,0,0,0,0,0,0,0,0,0,1,0
S Chanderpaul,200802008,3,0,0,0,0,0,0,0,0,0,0,0,0,0
A Choudhary,201702017,5,5,16.5,2,144,5,2/17,28.80,8.55,20.2,0,0,0,0
TH David,202102021,1,0,0,0,0,0,0,0,0,0,0,0,0,0
PWH de Silva,202102021,2,2,6.0,0,60,0,0,0,10.00,0,0,0,0,0
D du Preez,200902009,2,2,7.0,1,56,4,3/32,14.00,8.00,10.5,0,0,0,0
GHS Garton,202102021,5,5,15.0,0,135,3,1/27,45.00,9.00,30.0,0,0,1,0
TM Head,201602017,10,5,8.0,0,81,2,2/30,40.50,10.12,24.0,0,0,3,0
W Jaffer,200802009,8,0,0,0,0,0,0,0,0,0,0,0,4,0
KA Jamieson,202102021,9,9,28.0,0,269,9,3/41,29.88,9.60,18.6,0,0,2,0
SB Joshi,200802008,4,4,9.1,0,82,1,1/27,82.00,8.94,55.0,0,0,0,0
AA Kazi,201102011,1,1,2.0,0,21,0,0,0,10.50,0,0,0,0,0
K Khejroliya,201802019,5,5,15.5,0,153,3,2/33,51.00,9.66,31.6,0,0,0,0
V Kohli,200802021,207,26,41.5,0,368,4,2/25,92.00,8.79,62.7,0,0,84,0
A Kumble,200802010,42,42,160.5,1,1058,45,5/5,23.51,6.57,21.4,2,1,10,0
NJ Maddinson,201402015,3,0,0,0,0,0,0,0,0,0,0,0,1,0
TS Mills,201702017,5,5,17.5,0,153,5,2/31,30.60,8.57,21.4,0,0,1,0
Misbah0ul0Haq,200802008,8,0,0,0,0,0,0,0,0,0,0,0,1,0
A Mithun,200902013,16,16,48.0,0,472,7,2/37,67.42,9.83,41.1,0,0,7,0
Mohammed Siraj,201802021,50,50,171.2,4,1437,50,3/8,25.91,8.73,18.0,1,0,16,0
R Ninan,201102011,2,2,6.0,0,65,3,2/31,21.66,10.83,12.0,0,0,1,0
AA Noffke,200802008,1,1,4.0,0,40,1,1/40,40.00,10.00,24.0,0,0,0,0
D Padikkal,202002021,29,0,0,0,0,0,0,0,0,0,0,0,15,0
AUK Pathan,201102012,8,3,6.3,0,63,0,0,0,9.69,0,0,0,2,0
RM Patidar,202102021,4,0,0,0,0,0,0,0,0,0,0,0,1,0
DT Patil,200802008,2,0,0,0,0,0,0,0,0,0,0,0,2,0
JR Philippe,202002020,5,0,0,0,0,0,0,0,0,0,0,0,0,0
R Rampaul,201302014,12,12,43.4,4,298,14,3/31,21.28,6.82,18.7,0,0,4,0
P Ray Barman,201902019,1,1,4.0,0,56,0,0,0,14.00,0,0,0,0,0
RR Rossouw,201402015,5,0,0,0,0,0,0,0,0,0,0,0,2,0
Shahbaz Ahmed,202002021,13,8,20.0,0,136,9,3/7,15.11,6.80,13.3,0,0,5,0
NA Saini,201902021,28,28,97.4,1,828,17,2/24,48.70,8.47,34.4,0,0,6,0
DJG Sammy,201502015,22,19,39.2,0,350,11,0,14.77,8.635,9.9,1,0,9,0
B Stanlake,201702017,6,6,24.0,0,200,7,2/29,30.5,8.434999999999999,21.6,0,0,1,0
MA Starc,201402015,27,26,96.4,1,693,34,4/15,20.38,7.16,17.0,1,0,16,0
J Syed Mohammad,201102013,11,11,32.0,0,283,8,2/15,35.37,8.84,24.0,0,0,1,0
I Udana,202002020,10,10,29.0,0,282,8,2/41,35.25,9.72,21.7,0,0,3,0
JJ van der Wath,201102011,3,3,12.0,0,129,3,2/49,43.00,10.75,24.0,0,0,0,0
Vishnu Vinod,201702017,3,0,0,0,0,0,0,0,0,0,0,0,0,2
D Wiese,201502016,15,14,46.2,0,402,16,4/33,25.12,8.67,17.3,1,0,6,0
VH Zol,201402014,3,0,0,0,0,0,0,0,0,0,0,0,0,0
Abdul Samad,202002021,23,4,8.0,0,105,2,1/9,52.50,13.12,24.0,0,0,13,0
KK Ahmed,201802021,24,24,90.3,0,786,32,3/21,24.56,8.68,16.9,0,0,1,0
JM Bairstow,201902021,28,0,0,0,0,0,0,0,0,0,0,0,18,4
RK Bhui,201802019,2,0,0,0,0,0,0,0,0,0,0,0,0,0
PK Garg,202002021,19,0,0,0,0,0,0,0,0,0,0,0,6,0
AD Hales,201802018,6,0,0,0,0,0,0,0,0,0,0,0,2,0
Mohammad Nabi,201702021,17,17,57.1,0,408,13,4/11,31.38,7.13,26.3,1,0,11,0
Rashid Khan,201702021,76,76,302.0,4,1912,93,3/7,20.55,6.33,19.4,0,0,20,0
X Thalaivan Sargunam,201302013,1,0,0,0,0,0,0,0,0,0,0,0,0,0
Umran Malik,202102021,3,3,12.0,0,96,2,1/21,48.00,8.00,36.0,0,0,0,0
Virat Singh,202102021,3,0,0,0,0,0,0,0,0,0,0,0,2,0
KS Williamson,201502021,63,2,3.0,0,31,0,0,0,10.33,0,0,0,29,0
